{"best_params": {"max_depth": null, "min_samples_leaf": 2, "min_samples_split": 5, "n_estimators": 200}, "metrics": {"mae": 79.41009644081709, "rmse": 127.65721095960528, "r2": 0.6008976166641524}, "n_train": 12000, "n_test": 3000}