{"best_params": {"max_depth": null, "min_samples_split": 5, "n_estimators": 100}, "metrics": {"mae": 80.23556942277304, "rmse": 128.72369013611674, "r2": 0.5942013665404381}, "n_train": 12000, "n_test": 3000}