{"best_params": {"n_estimators": 100, "min_samples_split": 5, "min_samples_leaf": 2, "max_depth": null}, "metrics": {"mae": 79.74828404103305, "rmse": 127.58338673949304, "r2": 0.6013590853523435}, "n_train": 12000, "n_test": 3000}