{"metrics": {"mae": 80.31982666666666, "rmse": 128.19898135918763, "r2": 0.5975028899098175}, "n_train": 12000, "n_test": 3000}