{"metrics": {"mae": 115.95130072213139, "rmse": 176.7473722998243, "r2": 0.23493285955464804}, "n_train": 12000, "n_test": 3000}