{"metrics": {"mae": 90.23734452127412, "rmse": 139.00622942933308, "r2": 0.5267810320222508}, "n_train": 12000, "n_test": 3000}