{"metrics": {"mae": 114.96985784281433, "rmse": 175.5172671617682, "r2": 0.24554504671783928}, "n_train": 12000, "n_test": 3000}