{"metrics": {"mae": 80.83373666666667, "rmse": 127.92240412075336, "r2": 0.5992377158052336}, "n_train": 12000, "n_test": 3000}