{"metrics": {"mae": 80.30527333333333, "rmse": 127.5235014797926, "r2": 0.6017332267293294}, "n_train": 12000, "n_test": 3000}