{"metrics": {"mae": 113.8086238333974, "rmse": 174.11527002218065, "r2": 0.2575497819787401}, "n_train": 12000, "n_test": 3000}