{"metrics": {"mae": 85.19904739917976, "rmse": 135.34131206179373, "r2": 0.5514050476171387}, "n_train": 12000, "n_test": 3000}