{"metrics": {"mae": 113.81925495369431, "rmse": 174.13615740516303, "r2": 0.2573716382440696}, "n_train": 12000, "n_test": 3000}