{"metrics": {"mae": 115.70325328659592, "rmse": 176.47967221925057, "r2": 0.2372486329869532}, "n_train": 12000, "n_test": 3000}