{"metrics": {"mae": 80.12066, "rmse": 128.421690724737, "r2": 0.5961032260903201}, "n_train": 12000, "n_test": 3000}