{"best_params": {"max_depth": null, "min_samples_leaf": 2, "min_samples_split": 2, "n_estimators": 200}, "metrics": {"mae": 79.29192956019443, "rmse": 127.2761760276829, "r2": 0.6032765656314466}, "n_train": 12000, "n_test": 3000}