{"metrics": {"mae": 80.83463333333333, "rmse": 128.02715543066114, "r2": 0.5985811058443642}, "n_train": 12000, "n_test": 3000}