{"metrics": {"mae": 90.87664546061929, "rmse": 140.9521317760803, "r2": 0.5134394262955417}, "n_train": 12000, "n_test": 3000}