{"metrics": {"mae": 115.23548981095551, "rmse": 176.2094633435424, "r2": 0.23958254946252855}, "n_train": 12000, "n_test": 3000}